{
  "project_info": {
    "project_number": "953312107210",
    "firebase_url": "https://firedetection-c05b5-default-rtdb.firebaseio.com",
    "project_id": "firedetection-c05b5",
    "storage_bucket": "firedetection-c05b5.appspot.com"
  },
  "client": [
    {
      "client_info": {
        "mobilesdk_app_id": "1:953312107210:android:81d595bea9b4c1125ab233",
        "android_client_info": {
          "package_name": "com.firedetect.fireapp"
        }
      },
      "oauth_client": [
        {
          "client_id": "953312107210-6mgkr0ah7ouog2qm4eki770bou7paspc.apps.googleusercontent.com",
          "client_type": 3
        }
      ],
      "api_key": [
        {
          "current_key": "AIzaSyBCLOktvTfW75KbQivbkh1okA4xZ8LZPMs"
        }
      ],
      "services": {
        "appinvite_service": {
          "other_platform_oauth_client": [
            {
              "client_id": "953312107210-6mgkr0ah7ouog2qm4eki770bou7paspc.apps.googleusercontent.com",
              "client_type": 3
            }
          ]
        }
      }
    }
  ],
  "configuration_version": "1"
}